{"chain_subprj_list":null,"creation_date":"2020-04-03","ligands":[],"major_issues":null,"mdlchain_butpl_map":{"A":"1z1i.1.A"},"mod_engine":"PROMOD3","modified_template":false,"oligo":{"based_on":"monomer","state":"monomer","state_bu":"monomer","state_tpl":"monomer","qs_prediction":"0.000","qs_conserved":"conserved","chains_to_mdl":1,"res_to_mdl":306},"plip":{},"pred_lddt":0.9779999852,"qmean_values":{"global_scores":{"qmean4_norm_score":0.6659783642,"qmean4_z_score":-2.938821699,"qmean6_norm_score":0.6721773464,"qmean6_z_score":-2.4384608492,"interaction_norm_score":-0.0160412892,"interaction_z_score":-1.6373360478,"cbeta_norm_score":-0.0069266927,"cbeta_z_score":-1.6324195298,"packing_norm_score":-0.2916796708,"packing_z_score":-1.3794442521,"torsion_norm_score":-0.0973822535,"torsion_z_score":-2.1895217738,"ss_agreement_norm_score":0.5534594148,"ss_agreement_z_score":-0.7874794774,"acc_agreement_norm_score":0.6744186047,"acc_agreement_z_score":-0.1096112844,"avg_local_score":0.8474118224,"avg_local_score_error":0.052},"local_scores":{"A":[0.6360239115,0.672700801,0.7312590231,0.6634091096,0.6654945693,0.7906647544,0.8627491589,0.8618948626,0.8950375465,0.8851238362,0.8875135384,0.8460912619,0.9078757947,0.8821999022,0.9190064378,0.9280224219,0.9074310344,0.9360294153,0.880909253,0.925975571,0.9013405707,0.8691111833,0.8339091616,0.8394783828,0.8550687151,0.8895322136,0.9170829131,0.8944753045,0.9480490169,0.9311109221,0.891715302,0.9174103968,0.9063604439,0.9106086902,0.9115566104,0.9368500986,0.9374750323,0.9625167678,0.9635672032,0.8401865906,0.8487737316,0.8908055886,0.8779497783,0.8655128139,0.774943561,0.630728759,0.4297691598,0.5079860903,0.3760484886,0.6136932576,0.6999104656,0.8343689304,0.809313356,0.8699986013,0.821165044,0.8156409376,0.8140739877,0.8382187415,0.8288667213,0.7453371574,0.7754616537,0.8633246444,0.843433719,0.8022250525,0.7800428027,0.8686044302,0.84790396,0.9040034858,0.8179853314,0.8308320192,0.7161369344,0.6864935554,0.8431375148,0.827423978,0.7806308486,0.7739255106,0.889151446,0.8945445278,0.9145563429,0.8624698128,0.8954870512,0.8824734475,0.8783868521,0.9036164586,0.9538716914,0.9323727826,0.9210767476,0.835844966,0.860617223,0.8621497307,0.9081775031,0.8804474234,0.8865056216,0.9160055764,0.8766329049,0.9068222689,0.847480157,0.9144923425,0.9215468754,0.8633252464,0.9011763728,0.8693018494,0.931182221,0.9453214844,0.8790117728,0.9305643918,0.8616048264,0.931338433,0.9391626684,0.8784882776,0.9207914314,0.9367524799,0.9150087103,0.9387950272,0.9324261497,0.9271188045,0.9205189101,0.8661261948,0.8209554973,0.890117355,0.8660071325,0.9183005251,0.8753707871,0.9050127256,0.9038560011,0.8813419849,0.8546068302,0.8917311572,0.9387520537,0.9020050225,0.8506062506,0.9138736336,0.8420061684,0.9005733427,0.9006039767,0.9036475526,0.7977778132,0.82398509,0.7757909445,0.738345879,0.6885347038,0.6640299374,0.7942938342,0.8900416243,0.9110775383,0.9432492348,0.9251393828,0.9475500983,0.9635508693,0.9380058954,0.8879690999,0.8569748874,0.6826269606,0.5136820238,0.7235844049,0.9286935351,0.9235735416,0.9273270409,0.9354792443,0.9563952713,0.9204648254,0.9247896966,0.8922857383,0.8770993904,0.8329731278,0.8273147405,0.7726316142,0.7317992367,0.7775183195,0.8459492626,0.8714391217,0.86173587,0.9195667324,0.9514632434,0.9622992773,0.9630667151,0.941796456,0.9043806796,0.9664999501,0.9271858831,0.9346607903,0.9203102178,0.8584350567,0.8439468932,0.8160850111,0.8372245284,0.8121775217,0.6587629646,0.6075365402,0.593918429,0.5020543595,0.6924921228,0.677209197,0.7095788988,0.6914568713,0.721553069,0.806300157,0.880328127,0.9161192931,0.9243582517,0.9523799453,0.9270378485,0.8932933688,0.9242504762,0.9346165531,0.9360567361,0.868508561,0.9121311089,0.9057861447,0.8997845418,0.8906897744,0.8728296696,0.8297712641,0.8141664277,0.8220143362,0.7676968099,0.7465161014,0.7019904435,0.8677986003,0.8717576234,0.8013824206,0.7287728362,0.7850119518,0.8465094026,0.8825006957,0.8663857729,0.8588419771,0.7979225062,0.8620500808,0.9060450224,0.8706141702,0.8819076131,0.9023891994,0.8558968455,0.7435663465,0.7867852679,0.8456361378,0.8323038873,0.894214219,0.8732557664,0.9242440376,0.9008228478,0.8955672913,0.8487059277,0.8798386462,0.84427382,0.8843822469,0.8950271042,0.8964474156,0.9094668501,0.9079767834,0.891431899,0.882485883,0.9013554456,0.8709424435,0.7578546823,0.881121558,0.8988670711,0.9050217978,0.9174725487,0.9248456788,0.896870172,0.9063614034,0.9035489235,0.9361606523,0.9335788936,0.9271480284,0.919593568,0.8725216659,0.8462965361,0.8811441234,0.8804326991,0.8135506547,0.7786976139,0.8101067232,0.7242372035,0.635901829,0.6265201742,0.6142076175,0.7879093567,0.8607150091,0.8612205604,0.8048436746,0.7504431761,0.7566272593,0.793050955,0.8588044111,0.8490291053,0.8982977111,0.8455532087,0.8851040142,0.8982812937,0.9021794421,0.8159944994,0.8200441835,0.841345107,0.8097698534,0.67972822,0.6996403806,0.7304208797,0.631808947,null,null,null,null,null]}},"residue_range":[{"chain_name":"A","residue_from":"1","residue_to":"301"}],"templates":["e85ac73ea7529076b4ab0c7810353a36e973ba18"],"tpl_info":{"1z1i.1.A":{"origin":"reference database","label_asym_id":"A","entity_type":"polymer","entity_id":"1"}}}