{"modelling":{"id":"ebaa490425a8ae17427f15fcc3a30c56d8f6338f","trg_seq":"SGFRKMAFPSGKVEGCMVQVTCGTTTLNGLWLDDVVYCPRHVICTSEDMLNPNYEDLLIRKSNHNFLVQAGNVQLRVIGHSMQNCVLKLKVDTANPKTPKYKFVRIQPGQTFSVLACYNGSPSGVYQCAMRPNFTIKGSFLNGSCGSVGFNIDYDCVSFCYMHHMELPTGVHAGTDLEGNFYGPFVDRQTAQAAGTDTTITVNVLAWLYAAVINGDRWFLNRFTTTLNDFNLVAMKYNYEPLTQDHVDILGPLSAQTGIAVLDMCASLKELLQNGMNGRTILGSALLEDEFTPFDVVRQCSGVTFQ","tpl_seq":"SGFRKMAFPSGKVEGCMVQVTCGTTTLNGLWLDDVVYCPRHVICTSEDMLNPNYEDLLIRKSNHNFLVQAGNVQLRVIGHSMQNCVLKLKVDTANPKTPKYKFVRIQPGQTFSVLACYNGSPSGVYQCAMRPNFTIKGSFLNGSCGSVGFNIDYDCVSFCYMHHMELPTGVHAGTDLEGNFYGPFVDRQTAQAAGTDTTITVNVLAWLYAAVINGDRWFLNRFTTTLNDFNLVAMKYNYEPLTQDHVDILGPLSAQTGIAVLDMCASLKELLQNGMNGRTILGSALLEDEFTPFDVVRQCSGVTFQ","pdb_id":"5rf9","chain":"B","method":"X-RAY DIFFRACTION","short_method":"X-ray","coverage":1.0,"resolution":1.4299999475,"description":"main protease","seq_sim":0.6189579964,"assembly_id":1,"score":2.2083954811,"pred_lddt":0.9919999838,"seq_id":100.0,"found_by":"HHblits","oligo_state":"homo-dimer","comment":"e_value=5e-175, p_value=3e-179, score=1206.2, ss_score=33.9, prob=100","offset":0,"starttime":"03-04-20 (06:03:08)","QMean":{"global_scores":{"qmean4_norm_score":0.7829032246,"qmean4_z_score":0.5524295364,"qmean6_norm_score":0.7747429664,"qmean6_z_score":0.1262129956,"interaction_norm_score":-0.0191655724,"interaction_z_score":-0.3781687593,"cbeta_norm_score":-0.0084002129,"cbeta_z_score":-1.0935200138,"packing_norm_score":-0.3205263099,"packing_z_score":-0.7162461819,"torsion_norm_score":-0.4142168355,"torsion_z_score":0.9511791039,"ss_agreement_norm_score":0.5830128456,"ss_agreement_z_score":-0.267547334,"acc_agreement_norm_score":0.6710526316,"acc_agreement_z_score":-0.4368956862,"avg_local_score":0.906422746,"avg_local_score_error":0.053},"local_scores":{"A":[0.5936613137,0.5239903493,0.7746133135,0.7497189031,0.8005966404,0.8381913945,0.9171250674,0.8795788998,0.8809865866,0.9063777191,0.8705854161,0.8431858052,0.9271888337,0.9007323006,0.9398579313,0.9900848709,0.9553126021,0.9785898703,0.9215278605,0.9693492337,0.9506288448,0.9587498093,0.9172055795,0.8963008247,0.9278251605,0.9359552028,0.9490216904,0.9575818285,0.9999528929,0.9873383851,0.9529304733,0.9665214816,0.9391914481,0.9418854552,0.9668942648,0.9787589377,0.9832986895,1.0,1.0,0.9171392072,0.9385773639,0.9657471862,0.9468456762,0.9554274156,0.8906319675,0.7635808533,0.8160696896,0.8910805791,0.8562445113,0.8832480884,0.8850548966,0.9366782193,0.8940531877,0.9197875503,0.8657793307,0.8875865946,0.8923294349,0.8940147557,0.8651223948,0.7931164595,0.8671278249,0.9103961659,0.9029587421,0.8757782242,0.9027409437,0.9175777458,0.9203850224,0.9557556007,0.9035213561,0.9467727608,0.8948990709,0.8305852367,0.8524837028,0.8812912245,0.9223897376,0.8539484994,0.938014094,0.9315792059,0.9296405653,0.8934577808,0.9139587208,0.9188836556,0.9295703491,0.9688964523,1.0,0.9938262455,0.9556281639,0.9101517199,0.9387890708,0.9112775965,0.9444371767,0.9047826719,0.9201010449,0.9387470298,0.9238530961,0.9297631862,0.8732581621,0.9437342188,0.9449047309,0.911303551,0.9410236316,0.9095146584,0.9552197031,0.9726399303,0.931644404,0.9675689799,0.9311096199,0.9893246073,0.9890079269,0.9417330359,0.9639215209,0.9548947609,0.9425339521,0.9485165987,0.93272195,0.9303794192,0.91602959,0.9031022298,0.897409051,0.9500808783,0.8890632631,0.8978073004,0.8352003355,0.8426912843,0.8833286764,0.8633531759,0.8701947955,0.8989807022,0.9629409122,0.9623904004,0.9191239364,0.9841098552,0.9529482247,0.9836783704,0.9759446459,0.9469682849,0.8396340211,0.8425556216,0.7939769242,0.7815111186,0.7550052419,0.7216172239,0.832841267,0.8915139619,0.9467979397,0.9895591059,0.9547184944,1.0,0.9892890854,0.9696153154,0.9440610508,0.9075888942,0.8098786202,0.6471376451,0.7420566491,0.947763663,0.9546016866,0.9647963818,0.9773818763,1.0,0.9942292634,0.9785418457,0.9595282872,0.9526091555,0.9099159995,0.8660053078,0.8464399374,0.8068802559,0.7817660389,0.8551398011,0.8914769332,0.9140359591,0.9824717967,1.0,1.0,0.9993075406,0.9809838512,0.9529787341,1.0,0.9847677308,0.9888140662,0.9819685897,0.9880078641,0.9673162621,0.9259672857,0.9508727726,0.9425063769,0.8403808069,0.8080593507,0.8018202776,0.722363318,0.7724578534,0.7841558202,0.857094836,0.84846012,0.7626032314,0.8620472978,0.9370892117,0.9478062485,0.9714321538,0.9819810925,0.982190121,0.9630181108,0.983065834,0.9829908538,0.9933944662,0.9320583026,0.9729543655,0.9660116237,0.9468923195,0.9358413755,0.943368181,0.8943326637,0.8524911794,0.8850145528,0.8707265059,0.8491366381,0.8769412814,0.9440110237,0.9323761978,0.8418910803,0.7681312685,0.8486128588,0.8943598198,0.9309793664,0.9091363563,0.9082509858,0.9074894057,0.9285252704,0.945141964,0.9303114386,0.9339551717,0.9491939304,0.9143652359,0.8659951979,0.8666343248,0.8954617117,0.8600653256,0.9348209401,0.9081753807,0.9594913877,0.9505499424,0.9312621712,0.8926643995,0.9217759351,0.888840572,0.9345611551,0.9347968144,0.9451223733,0.9567961933,0.9529167981,0.9396127395,0.930669046,0.9305669858,0.9349472017,0.8722793943,0.929186392,0.9403943927,0.9265566767,0.941270428,0.9616169681,0.9428025826,0.9373328857,0.9449102578,0.9746671382,0.9462571683,0.9643235456,0.9602847652,0.917236197,0.899562913,0.933382549,0.9457162767,0.9002836543,0.9083864589,0.9217501855,0.8636658594,0.860825316,0.8679416223,0.8122661422,0.8665643389,0.8995815343,0.8638687093,0.7927819034,0.8104781938,0.8637219616,0.8391861598,0.8939447747,0.8587305602,0.9359927407,0.8934078079,0.9364053661,0.9587418099,0.9768362609,0.9044660075,0.8717479588,0.9022358505,0.8863672952,0.7560623894,0.7702948197,0.8252410604,0.7448377713,0.7099978866,0.6133410684,0.6740273574,null,null],