{"chain_subprj_list":null,"creation_date":"2020-04-03","ligands":[],"major_issues":null,"mdlchain_butpl_map":{"A":"6m03.1.A","B":"6m03.1.A"},"mod_engine":"PROMOD3","modified_template":false,"oligo":{"based_on":"prediction","state":"homo-dimer","state_bu":"homo-dimer","state_tpl":"homo-dimer","qs_prediction":"0.936","qs_conserved":"conserved","chains_to_mdl":2,"res_to_mdl":612},"plip":{},"pred_lddt":0.9909999967,"qmean_values":{"global_scores":{"qmean4_norm_score":0.7758071939,"qmean4_z_score":0.3496129194,"qmean6_norm_score":0.7706319322,"qmean6_z_score":0.0318416289,"interaction_norm_score":-0.0185582873,"interaction_z_score":-0.5327994593,"cbeta_norm_score":-0.0078213771,"cbeta_z_score":-1.2957173573,"packing_norm_score":-0.3296881135,"packing_z_score":-0.5320004324,"torsion_norm_score":-0.3908473407,"torsion_z_score":0.7315414478,"ss_agreement_norm_score":0.5836913311,"ss_agreement_z_score":-0.260532802,"acc_agreement_norm_score":0.6862745098,"acc_agreement_z_score":-0.3048648246,"avg_local_score":0.9086062271,"avg_local_score_error":0.053},"local_scores":{"A":[0.6365640076,0.5546730543,0.7868473442,0.7794239209,0.8214609851,0.8458435948,0.9179107455,0.9017805552,0.8989184683,0.9021942102,0.878688093,0.8637618521,0.9370680786,0.8939679637,0.9283398891,0.9836387558,0.9512809688,0.9746789872,0.9253041805,0.9734352905,0.9563853617,0.9497521465,0.9008076334,0.9169092045,0.9337824258,0.9499083338,0.9603789192,0.9611385693,1.0,0.9908966086,0.9528083859,0.96877386,0.9361232383,0.9380807195,0.9663251422,0.9818251467,0.9874508607,1.0,1.0,0.923673478,0.9407364253,0.9698548501,0.9419696647,0.9469566103,0.8878879668,0.822486976,0.8111861179,0.8831396491,0.8573146425,0.8734918871,0.8706815571,0.9370676745,0.8912594889,0.9184000182,0.8709566793,0.888441488,0.8864969893,0.8902054796,0.8707740262,0.805846745,0.8581593492,0.8983727871,0.9072524583,0.8729485499,0.902873627,0.9334088402,0.9371057412,0.9546334368,0.8990762434,0.9361152476,0.8887404414,0.809009733,0.8042316365,0.866497133,0.915586066,0.8502669998,0.9270731337,0.9150158087,0.9288507426,0.9001490216,0.9244862093,0.9181465772,0.9190201659,0.9655156783,1.0,0.994192861,0.9659313139,0.9149786061,0.9431858658,0.9065790298,0.9406415886,0.9087362934,0.91610778,0.9363277517,0.9269782819,0.9294955452,0.8844306797,0.9535254167,0.9593772859,0.9146502657,0.940780997,0.9232324732,0.9620855237,0.9814957196,0.9362313964,0.9787276935,0.9316537575,0.9969537112,0.9978622013,0.9552015496,0.9787862286,0.9672777471,0.9486332768,0.9510908862,0.9322165006,0.924050206,0.911497331,0.9010697483,0.9042666722,0.9507339821,0.8927977418,0.907153972,0.8424944339,0.8465595455,0.884299139,0.8824866594,0.8843098122,0.9006104032,0.9678450078,0.9753229491,0.9196552534,0.9899742915,0.9461758957,0.9782903253,0.9810257485,0.9463862474,0.8393041606,0.8582687684,0.8154117179,0.7842401141,0.7614941854,0.7422561283,0.8440969743,0.9063048061,0.9584219376,0.9948373648,0.9657633495,1.0,0.9940881152,0.9749915974,0.952093324,0.9177815438,0.8847457971,0.7863358249,0.842915326,0.9653862633,0.9569700604,0.9716402381,0.9825269054,1.0,0.9961283523,0.9830938207,0.9615755628,0.9620790193,0.9268761334,0.8704713851,0.8055019124,0.7864165309,0.7883271639,0.8496859152,0.8950137479,0.9249336297,0.9865129321,1.0,1.0,0.9967620463,0.986087535,0.9467650056,1.0,0.9777375486,0.986713473,0.9826291056,0.9799362744,0.95304281,0.9310349902,0.9556711593,0.9528854029,0.83123309,0.805163893,0.7922050691,0.7070907831,0.7719894596,0.8073135218,0.8156429195,0.8323194071,0.7935044359,0.8831665031,0.9379454628,0.9665600878,0.9864913358,0.9894071641,0.9840793144,0.9651408198,0.9856887728,0.9816449383,0.9883913077,0.9306189551,0.9655005462,0.9616278959,0.9496906399,0.939659718,0.9496091046,0.8974344312,0.8646208186,0.9059368481,0.9073251974,0.8671433006,0.8807463118,0.94300848,0.9328487745,0.8492100269,0.737293394,0.8674423279,0.8896976894,0.9286249126,0.9135406878,0.9182974823,0.8917095874,0.9147187758,0.9466571165,0.9263248821,0.93687479,0.9520420204,0.9316254568,0.8689545389,0.8638661953,0.9031122588,0.8658813941,0.9498733745,0.9259831405,0.9703093667,0.9631805705,0.9319739423,0.8718711217,0.9139059559,0.885430556,0.9150953739,0.9150111433,0.9375118279,0.9442350941,0.936675949,0.9260297479,0.9217612566,0.9232772861,0.9179181187,0.8504738534,0.9217586175,0.9288788401,0.9142385688,0.9379683494,0.9620651794,0.9375710302,0.9318843351,0.9473677747,0.9793127603,0.9548006286,0.9606569056,0.9663025379,0.9232662153,0.9006350656,0.9356374128,0.9493916237,0.9089473706,0.9099731227,0.9226433011,0.8588597406,0.8483183778,0.8510460328,0.8030263202,0.8648460052,0.9220386937,0.8908155603,0.7973066858,0.8216458489,0.8678272692,0.8582673169,0.8973030839,0.8807191624,0.9564136785,0.9175734335,0.9518143115,0.9726032212,0.9766172006,0.9110936302,0.8851284826,0.9143082563,0.8823977256,0.766950011,0.7938139904,0.8364617384,0.7365496435,0.6942042709,0.7405270283,0.7532136213,0.7021703865,0.5305833017],