{"modelling":{"id":"5fabd6b0d5312885a43beba450bf08fef4374b17","trg_seq":"SGFRKMAFPSGKVEGCMVQVTCGTTTLNGLWLDDVVYCPRHVICTSEDMLNPNYEDLLIRKSNHNFLVQAGNVQLRVIGHSMQNCVLKLKVDTANPKTPKYKFVRIQPGQTFSVLACYNGSPSGVYQCAMRPNFTIKGSFLNGSCGSVGFNIDYDCVSFCYMHHMELPTGVHAGTDLEGNFYGPFVDRQTAQAAGTDTTITVNVLAWLYAAVINGDRWFLNRFTTTLNDFNLVAMKYNYEPLTQDHVDILGPLSAQTGIAVLDMCASLKELLQNGMNGRTILGSALLEDEFTPFDVVRQCSGVTFQ","tpl_seq":"SGFRKMAFPSGKVEGCMVQVTCGTTTLNGLWLDDVVYCPRHVICTSEDMLNPNYEDLLIRKSNHNFLVQAGNVQLRVIGHSMQNCVLKLKVDTANPKTPKYKFVRIQPGQTFSVLACYNGSPSGVYQCAMRPNFTIKGSFLNGSCGSVGFNIDYDCVSFCYMHHMELPTGVHAGTDLEGNFYGPFVDRQTAQAAGTDTTITVNVLAWLYAAVINGDRWFLNRFTTTLNDFNLVAMKYNYEPLTQDHVDILGPLSAQTGIAVLDMCASLKELLQNGMNGRTILGSALLEDEFTPFDVVRQCSGVTFQ","pdb_id":"6y2g","chain":"B","method":"X-RAY DIFFRACTION","short_method":"X-ray","coverage":1.0,"resolution":2.2000000477,"description":"SARS-CoV-2 (2019-nCoV) main protease","seq_sim":0.6189579964,"assembly_id":1,"score":2.2083954811,"pred_lddt":0.9919999838,"seq_id":100.0,"found_by":"HHblits","oligo_state":"homo-dimer","comment":"e_value=5e-175, p_value=3e-179, score=1206.2, ss_score=33.9, prob=100","offset":0,"starttime":"03-04-20 (04:54:26)","QMean":{"global_scores":{"qmean4_norm_score":0.7791981851,"qmean4_z_score":0.446533212,"qmean6_norm_score":0.7747648004,"qmean6_z_score":0.1267142084,"interaction_norm_score":-0.0189595505,"interaction_z_score":-0.4306273295,"cbeta_norm_score":-0.008987279,"cbeta_z_score":-0.8884476479,"packing_norm_score":-0.3183926092,"packing_z_score":-0.7591553407,"torsion_norm_score":-0.4014770923,"torsion_z_score":0.8314449223,"ss_agreement_norm_score":0.5922868546,"ss_agreement_z_score":-0.1716678656,"acc_agreement_norm_score":0.6804635762,"acc_agreement_z_score":-0.3552674467,"avg_local_score":0.8923343583,"avg_local_score_error":0.053},"local_scores":{"A":[0.6187530924,0.5866534219,0.7846016218,0.7711306083,0.8050075561,0.8375183388,0.9144770217,0.8992109199,0.8921442444,0.8997370421,0.8667650807,0.8407533038,0.9178584981,0.8775602951,0.9103676546,0.9618037773,0.942466137,0.9690221266,0.9102558891,0.9658319805,0.9475295068,0.9384933592,0.8939134165,0.8782759989,0.917318366,0.9311409705,0.9401356982,0.9407049956,0.9956285098,0.9829503364,0.9378575241,0.9670645178,0.9456771156,0.9414964817,0.9692650955,0.9825345373,0.9810092284,0.9950779266,1.0,0.9066244707,0.91170026,0.9427123129,0.935134452,0.9505036587,0.872561054,0.8187907337,0.7871757435,0.8888702171,0.8294313997,0.8071621381,0.8608034201,0.9551345912,0.900587833,0.9343447918,0.870694424,0.8986820417,0.9072689709,0.9013790983,0.8515930791,0.7876873755,0.8463637913,0.8706191154,0.8885497486,0.8583778412,0.8413541605,0.9297943374,0.9152193858,0.9411352399,0.8843974059,0.9344050025,0.8632336588,0.7386659216,0.8085917671,0.8618696108,0.9123664664,0.8584118678,0.9412029169,0.9344443839,0.9226068038,0.8739245195,0.9093838936,0.9168179705,0.9071783911,0.9650590558,1.0,0.978898154,0.9539931157,0.9233275847,0.9500587552,0.9091619358,0.9509023827,0.9205524711,0.9281502621,0.939362699,0.9234353476,0.9370479194,0.8516549064,0.9538618681,0.9554370964,0.9191494707,0.9438034308,0.9133101416,0.9665457823,0.9786453019,0.9287536893,0.964837327,0.9195734512,0.9794167253,0.9578021011,0.9479076801,0.9676989543,0.9591471155,0.9354039165,0.9380593684,0.9219543876,0.9162437154,0.8987699943,0.8627439878,0.8563459524,0.9148845413,0.8630408106,0.8861562215,0.8210653352,0.8464669711,0.8797567107,0.8813303341,0.8694671822,0.8894588325,0.9576730658,0.9651865923,0.9150819776,0.9831969254,0.9379459867,0.9806690123,0.9871450832,0.9372642789,0.8331975764,0.8552708018,0.814470061,0.7736711072,0.7293144666,0.6927527281,0.8123220672,0.8816224866,0.9324848241,0.9809694126,0.9452574822,0.9903744423,0.9853411156,0.968807,0.9383326333,0.8887951619,0.8655859917,0.7268822452,0.7480094218,0.9604269224,0.9548124701,0.9691584877,0.979882495,1.0,0.9855320901,0.9734890204,0.9445969887,0.9211705896,0.8908161642,0.8451309758,0.8413055506,0.8041556248,0.7953575035,0.8376658642,0.8944066546,0.907101042,0.9688677924,0.9982371095,1.0,0.9976620928,0.9853911606,0.9485263299,1.0,0.9805051675,0.99131118,0.9827086113,0.9938997571,0.9757421685,0.9440619722,0.9383366767,0.9219991607,0.8017204854,0.785274871,0.7561557793,0.717750112,0.7898830602,0.846361591,0.8699256808,0.8740023691,0.8296131559,0.8564044064,0.9335966701,0.957443433,0.9714911901,0.9857309919,0.969938658,0.9473474871,0.9724709685,0.9770299945,0.9838416725,0.9229443945,0.9653736509,0.9523627623,0.9490076884,0.9230348411,0.9082411831,0.8925794308,0.8495450817,0.8408801485,0.7689548629,0.7545273621,0.7602882795,0.9098726607,0.8949819485,0.819912872,0.7686423908,0.8846434579,0.8986554889,0.9112418444,0.8862488872,0.9049742959,0.8881634346,0.8945638047,0.9311229788,0.9028317421,0.8887360601,0.8596602739,0.9161621513,0.8798312773,0.8245527856,0.864654075,0.8651432396,0.9362620687,0.9191518378,0.9371860955,0.9555927766,0.9243726667,0.8647605077,0.8952755879,0.8638186878,0.9006810213,0.9019339347,0.9223348745,0.9573743466,0.94328738,0.9369499749,0.9367479518,0.929659965,0.9158963861,0.8675906525,0.9208614413,0.9315027762,0.926740599,0.9439258964,0.9557940673,0.9333807799,0.9352009673,0.9360433838,0.9669222932,0.9565230339,0.9578068351,0.9507927576,0.8956201407,0.8650828525,0.9008983495,0.8843710215,0.7689482166,0.8067384783,0.8332727708,0.8280790212,0.8356341733,0.8318872213,0.7917388111,0.8095745627,0.8479329187,0.801122303,0.7438227203,0.7791408815,0.8368426991,0.818226869,0.8537469671,0.8619091225,0.9414063744,0.8988542277,0.933713077,0.9538956881,0.9608344676,0.8905987474,0.8788814472,0.9090549074,0.8792380592,0.7730907391,0.7915314435,0.7813752556,0.7013875719,null,null,null,null,null],