{"modelling":{"id":"a1a2255aa5a4851d4154969df450957858ee64c1","trg_seq":"SGFRKMAFPSGKVEGCMVQVTCGTTTLNGLWLDDVVYCPRHVICTSEDMLNPNYEDLLIRKSNHNFLVQAGNVQLRVIGHSMQNCVLKLKVDTANPKTPKYKFVRIQPGQTFSVLACYNGSPSGVYQCAMRPNFTIKGSFLNGSCGSVGFNIDYDCVSFCYMHHMELPTGVHAGTDLEGNFYGPFVDRQTAQAAGTDTTITVNVLAWLYAAVINGDRWFLNRFTTTLNDFNLVAMKYNYEPLTQDHVDILGPLSAQTGIAVLDMCASLKELLQNGMNGRTILGSALLEDEFTPFDVVRQCSGVTFQ","tpl_seq":"SGFRKMAFPSGKVEGCMVQVTCGTTTLNGLWLDDTVYCPRHVICTAEDMLNPNYEDLLIRKSNHSFLVQAGNVQLRVIGHSMQNCLLRLKVDTSNPKTPKYKFVRIQPGQTFSVLACYNGSPSGVYQCAMRPNHTIKGSFLNGSCGSVGFNIDYDCVSFCYMHHMELPTGVHAGTDLEGKFYGPFVDRQTAQAAGTDTTITLNVLAWLYAAVINGDRWFLNRFTTTLNDFNLVAMKYNYEPLTQDHVDILGPLSAQTGIAVLDMCAALKELLQNGMNGRTILGSTILEDEFTPFDVVRQCSGVTFQ","pdb_id":"2a5i","chain":"A","method":"X-RAY DIFFRACTION","short_method":"X-ray","coverage":1.0,"resolution":1.8799999952,"description":"3C-like peptidase","seq_sim":0.609153986,"assembly_id":1,"score":2.1808552742,"pred_lddt":0.9869999886,"seq_id":96.0784301758,"found_by":"HHblits","oligo_state":"homo-dimer","comment":"e_value=1e-174, p_value=1e-178, score=1202.9, ss_score=33.8, prob=100","offset":0,"starttime":"03-04-20 (06:03:11)","QMean":{"global_scores":{"qmean4_norm_score":0.7647298761,"qmean4_z_score":0.0330043552,"qmean6_norm_score":0.7605635235,"qmean6_z_score":-0.1992849981,"interaction_norm_score":-0.0183071647,"interaction_z_score":-0.5967418459,"cbeta_norm_score":-0.0103049647,"cbeta_z_score":-0.4281572095,"packing_norm_score":-0.3113646394,"packing_z_score":-0.9004892549,"torsion_norm_score":-0.35628156,"torsion_z_score":0.4066757572,"ss_agreement_norm_score":0.5856699663,"ss_agreement_z_score":-0.240076655,"acc_agreement_norm_score":0.6699346405,"acc_agreement_z_score":-0.4465928682,"avg_local_score":0.8882088459,"avg_local_score_error":0.053},"local_scores":{"A":[0.6274775934,0.5927138794,0.7893899358,0.7705464136,0.8158047259,0.8310233527,0.9039990395,0.8899145916,0.8767970479,0.8937763233,0.8690411116,0.846021303,0.9223102444,0.8809327534,0.9219671262,0.9734746156,0.9472272163,0.9758925631,0.9212545506,0.9680818618,0.950470255,0.9568685761,0.9308110418,0.9133559379,0.9250920814,0.9396221273,0.9487145987,0.9512352581,0.9981570216,0.983689433,0.9437042974,0.9654433373,0.9370251121,0.9370118492,0.967842532,0.9816386165,0.9827147239,1.0,1.0,0.9015417043,0.9102011292,0.9521482121,0.9310165185,0.9233019184,0.8362763431,0.7367238915,0.6138581244,0.5976486689,0.7902723797,0.8243066854,0.8500514556,0.9275515429,0.8816351252,0.9075868587,0.8510321272,0.8906527065,0.8913656984,0.8942559547,0.8700307957,0.8257632218,0.8729336735,0.9087757858,0.9008959353,0.875234613,0.9035059864,0.9439970725,0.9003964148,0.9425085764,0.8895065486,0.9347783947,0.8447911322,0.7396284059,0.834004815,0.8656152333,0.9113103536,0.8498492797,0.9336142357,0.929539572,0.9314320901,0.9012174131,0.9281570875,0.9158589137,0.919429005,0.9642488931,1.0,0.9950350906,0.9618524691,0.9198629701,0.9503683419,0.89922672,0.9313577078,0.8879601119,0.9105004458,0.9336756285,0.9186418072,0.9163725756,0.8468607164,0.9416769583,0.9374161258,0.8942289791,0.935722861,0.9048224037,0.9651390185,0.9802890237,0.9288695587,0.9559891069,0.9255675415,0.9859692957,0.9847653213,0.9477316833,0.9668422249,0.9559430159,0.9297460951,0.9381259924,0.9210383401,0.9211365708,0.8966110994,0.8510627535,0.8815160096,0.9392070591,0.8765164698,0.8935459913,0.8354794737,0.845756206,0.8729213313,0.8615845323,0.8610098484,0.9082047562,0.9581745181,0.960285436,0.9146865415,0.9882333225,0.9440886382,0.9764876233,0.9813631331,0.9350318463,0.8396133158,0.8535600575,0.816571388,0.7593244559,0.7132363347,0.6962293452,0.8176905711,0.8872396317,0.9411925126,0.9856543464,0.9464362355,0.9862556853,0.9812683853,0.9629322651,0.9302372459,0.8714377356,0.8476861628,0.68184924,0.765866239,0.9366674015,0.9394038857,0.9575000611,0.9745321942,1.0,0.9944074432,0.9717357405,0.9438871745,0.9320932238,0.8930627151,0.8580816788,0.856736928,0.8186836372,0.7949344052,0.8519494947,0.8947107623,0.9180630264,0.9786107531,1.0,1.0,0.9984260225,0.9870761212,0.9476596698,1.0,0.9859926018,0.9952512912,0.9876204882,0.9840779166,0.9670648147,0.9425021627,0.9522894121,0.929944898,0.8070577445,0.8033798735,0.735509127,0.7291337423,0.8027623481,0.8359959108,0.8456082783,0.860049179,0.837127859,0.8842272445,0.9296671445,0.9493646972,0.9627095854,0.9794628094,0.986344302,0.9500108212,0.9621217009,0.9737464298,0.9818774855,0.9116404256,0.958315144,0.9333780849,0.9084055402,0.897121434,0.8865419244,0.8376021281,0.7623673322,0.7643846608,0.7578779924,0.7776817539,0.8281753767,0.9336685148,0.9230833411,0.8431602407,0.7769191243,0.8798239636,0.9075132316,0.9272817429,0.9135933536,0.9145918978,0.8869653431,0.9208567245,0.9458271875,0.903129728,0.9232487164,0.9326434314,0.8988214249,0.8142505373,0.8352346153,0.872284108,0.8686191831,0.9273450005,0.9026543022,0.9474765109,0.9432431983,0.9217953907,0.8778611248,0.9105141506,0.8765066113,0.9144076528,0.9161771763,0.9217284058,0.9523331497,0.9243320022,0.9072823262,0.8947553944,0.9129515337,0.8818196874,0.8166187156,0.8721703478,0.9082749691,0.9086186562,0.9308882643,0.9615015058,0.9397204757,0.9383480848,0.9370293022,0.9694710226,0.9499480862,0.9563139816,0.9485718981,0.9076172715,0.8825353831,0.9235849229,0.9196092037,0.8647134006,0.8625292804,0.8740853393,0.8151966684,0.6452357493,0.6993350797,0.7649335207,0.8170136116,0.8805986737,0.8146281638,0.7512831672,0.7549503497,0.7406235331,0.7284178527,0.8276416532,0.8562510498,0.9341133628,0.8884893624,0.9276650894,0.9553348551,0.9561054753,0.8833210142,0.8691710741,0.8887152626,0.8542768271,0.7416686141,0.7625837131,0.7395246776,0.5234933306,0.5950057072,0.5247332529,0.563604316,0.4923936792,0.4981330426],